{
  "project_info": {
    "project_number": "872331504882",
    "firebase_url": "https://testapp-63a5c.firebaseio.com",
    "project_id": "testapp-63a5c",
    "storage_bucket": "testapp-63a5c.appspot.com"
  },
  "client": [
    {
      "client_info": {
        "mobilesdk_app_id": "1:872331504882:android:f200a93a6529e325eeb46b",
        "android_client_info": {
          "package_name": "com.beyondsports.tracker"
        }
      },
      "oauth_client": [
        {
          "client_id": "872331504882-hvoj1f746hdt073678g1i1mjrtlkaen7.apps.googleusercontent.com",
          "client_type": 3
        }
      ],
      "api_key": [
        {
          "current_key": "AIzaSyBNJUCvda0yzEfC7_m8PIlq4z8B-dF-Hhs"
        }
      ],
      "services": {
        "appinvite_service": {
          "other_platform_oauth_client": [
            {
              "client_id": "872331504882-hvoj1f746hdt073678g1i1mjrtlkaen7.apps.googleusercontent.com",
              "client_type": 3
            }
          ]
        }
      }
    }
  ],
  "configuration_version": "1"
}